Business,Street,City,State,Postcode,Country,Phone,Website,Email,Email Type,Categories,Description,Revenue,Employees,Founded,Sic,Naics,Linkedin,Facebook,X,Instagram,Youtube,Lat,Lng,Contact First Name,Contact Last Name,Contact Role,Contact Email
911 Boardup Company,2817 Dorr Ave,Fairfax,VA,20598,United States,(888) 293-5663,https://911boardup.com/,info@911boardup.com,Unknown,Fire damage restoration service,,,,,,,,,,,,38.8763905,'-77.2331625,,,,
Ace Roofing Corporation,4000 Williamsburg Ct,Fairfax,VA,22032,United States,(703) 844-3199,,,,"Roofing contractor, General contractor",,,,,,,,,,,,38.8422185,'-77.2822254,,,,
Advanced Restoration Solutions,10560 Main St Suit #513,Fairfax,VA,22031,United States,(703) 382-1100,https://advancedrestorationsolutions.com/,denise@advancedrestorationsolutions.com,Service busy,"Water damage restoration service, Building restoration service, Carpet cleaning service, Fire damage restoration service, Waste management service","Advanced Restoration Solutions offers various damage restoration services such as water damage restoration, mold remediation, fire damage restoration and other restoration services. We service the Gaithersburg, MD and surrounding areas. We have offices in Gaithersburg, MD, Fairfax, VA and Baltimore, MD.",$1.1 M,6,2016,"15,152","23,236",https://www.linkedin.com/company/advanced-restoration-solution,https://www.facebook.com/AdvancedRestorationSolutionsLLC,https://x.com/AdvancedARS_,https://www.instagram.com/advancerestorationsusa,https://www.youtube.com/@AdvanceRestorationSolutions,38.8480329,'-77.3102131,,,,
All Day Roofing & More,3060 Williams Dr Suite 300 # 505,Fairfax,VA,22031,United States,(703) 782-3180,https://alldayroofingandmore.com/,info@hma.hgp.mybluehost.me,Unknown,"Roofing contractor, Dry wall contractor, Gutter service, Insulation contractor, Painter, Siding contractor, Window installation service",,,,,,,,,,,,38.8665223,'-77.2341353,,,,
Alpha Masonry & Chimney Repair Services,11199 Lee Hwy,Fairfax,VA,22030,United States,(276) 317-4202,,,,Contractor,,,,,,,,,,,,38.8511645,'-77.3328912,,,,
American Builder & Groups Llc,3815 Egan Dr,Fairfax,VA,22030,United States,(703) 844-3240,,,,Roofing contractor,,,,,,,,,,,,38.857208,'-77.325478,,,,
American Construction Experts,2822 Juniper St Unit 1,Fairfax,VA,22031,United States,(703) 682-8842,https://www.aceconstructionva.com/,contact@aceconstructionva.com,Service busy,"General contractor, Construction company","Northern Virginia Remodeling & Construction Experts Kitchen remodels, bathroom renovations, home additions, and custom construction — built with precision, transparency, and expert craftsmanship. Request a Free Estimate Locally owned and operated.",,,,,,,https://web.facebook.com/aceconstructionva,,https://www.instagram.com/aceconstructionva,,38.8765043,'-77.2306088,,,,
"American Windows & Siding Of Va,inc.",5609 Sandy Lewis Dr,Fairfax,VA,22032,United States,(703) 323-1120,https://www.woodwindowsdc.com/,c.gunn@woodwindowsdc.com,Service busy,"Siding contractor, Door supplier, Home improvement store, Window installation service","American Windows Siding of VA, Inc. specializes in a range of products including wood, fiberglass, and vinyl windows, as well as doors and fiber cement siding. With over 30 years of experience, they serve clients in Washington DC, Virginia, and Maryland, offering premium windows and doors from renowned brands like Andersen, Marvin, and Pella.",$988 K,6,,,,,,,,,38.798478,'-77.2917171,,,,
Ams Construction Llc,Cavalier Landing Ct,Fairfax,VA,22030,United States,(540) 229-6647,https://www.ams-construction.com/,andrew.amsconstruction@gmail.com,Service busy,Contractor,"Established in 2010. Serving the Northern Virginia and Washington, D.C. Metro area, AMS Construction specializes in Additions/Renovations and Property Management. Owner, Andrew Smith will directly supervise your project, providing accountability, quality construction, and timely completion.",$7.6 M,301,2010,"15,152","23,236",https://www.linkedin.com,https://www.facebook.com/RealAMSconstruction,,https://instagram.com/ams_construction_llc,,38.8517398,'-77.3423453,,,,
Apex Design And Build,9990 Fairfax Blvd Suite 560,Fairfax,VA,22030,United States,(703) 966-2486,https://apexdesignandbuild.us/,,,Construction company,"Apex Design & Build | Precision in Design, Excellence in Build",,,,,,,,,,,38.863584,'-77.2898279,,,,
Armor Home Roofing,11166 Fairfax Blvd Ste. 500 #1247,Fairfax,VA,22030,United States,(703) 719-8822,https://www.armorhomeroofing.com/,,,Roofing contractor,Expert roofing services that protect your investment.,,,,,,,,,https://www.instagram.com/armorhomeroofing,,38.8557526,'-77.329991,,,,
Atlas Contracting Pro - Remodeling Services,13111 Point Pleasant Dr,Fairfax,VA,22033,United States,(703) 568-5801,http://www.atlascontractingpro.com/index.html#cid=glbc,,,General contractor,"Painting Contractor, Bathroom Remodeling Contractor and Kitchen Renovation and Basement Remodeling in Virginia, Residential.",,,,,,,,,,,38.8700795,'-77.3990806,,,,
Barex Of Dmv,2820 Dorr Ave Ste 230,Fairfax,VA,22031,United States,(703) 570-6814,https://www.barexgroup.com/locations/fairfax-va,,,"Water damage restoration service, Fire damage restoration service, General contractor","Barex Restoration & Facility Services is a full-service provider specializing in property restoration, facility maintenance, and emergency response. From water and mold damage to routine commercial cleaning and repair work, we deliver fast, reliable solutions to protect and maintain the spaces our clients rely on.",,5,,,,https://www.linkedin.com/company/barexgroup,https://facebook.com/BarexGroup,,https://www.instagram.com/barexservices,https://www.youtube.com/@BarexKnows,38.8762368,'-77.234724,,,,
Beall Exteriors,11350 Random Hills Rd #800,Fairfax,VA,22030,United States,(703) 674-8919,https://www.beallexteriors.com/,,,Roofing contractor,"Beall Exteriors specializing in roofing, gutter replacements, siding and damage assessments within District of Columbia, Maryland, & Virginia",,0,,"17,176","23,238",,,,,,38.8571681,'-77.3378149,,,,
"Brand Contracting, Inc.",4000 Legato Rd #1100,Fairfax,VA,22033,United States,(833) 377-5410,https://www.brand-contracting.com/,vmbusch@brand-contracting.com,Unknown,Construction company,"Brand Contracting, Inc. is a full service, “A”-licensed commercial and residential construction company serving the state of Virginia.",,2,2013,,,,,,,,38.865799,'-77.365192,,,,
"Capital Remodeling, Inc.",3877 Plaza Dr,Fairfax,VA,22030,United States,(800) 310-7154,https://www.capitalremodeling.com/,website@capitalremodeling.com,Unknown,"Roofing contractor, Bathroom remodeler, Kitchen remodeler, Remodeler, Window installation service","Capital Remodeling is your source for professional and quality home remodeling services. We specialize in new vinyl replacement windows, custom kitchen cabinets, and counter tops, beautiful bathrooms, as well as vinyl siding and roofing. Being in the remodeling business means that we also offer many more than just those services.",$18.5 M,103,1985,"17,176","23,238",https://www.linkedin.com/company/2934478,https://www.facebook.com/CapitalRemodeling,https://x.com/capremodeling,,https://www.youtube.com/channel/UCY3M-KHwUwhmLzGg1Prh87g,38.8484172,'-77.3011975,,,,
Capitol Metro Contracting,9990 Fairfax Blvd #410,Fairfax,VA,22030,United States,(571) 457-6368,https://www.capitolmetrocontracting.com/,kathy@capitolmetrocontracting.com,Unknown,General contractor,"Capitol Metro Contracting is a tight-knit team made strong by our diverse team members who are experienced professionals in various fields. We are also all Bilingual, fluent in English and Spanish. We bring different backgrounds and expertise ranging from Construction, Human Resources, Real Estate, Administrative and Marketing.",<$5 M,<25,,"17,179","23,238",,https://www.facebook.com/capitolmetrocontracting,,http://www.instagram.com/capitol.metro.contracting,,38.86362,'-77.2896554,,,,
Colonial Remodeling Llc,11350 Random Hills Rd Suite 800,Fairfax,VA,22030,United States,(703) 534-0800,http://www.colonialremodeling.com/,info@colonialremodeling.com,Service busy,"Roofing contractor, Contractor, Door supplier, Siding contractor, Window installation service","Colonial Remodeling offers its clients personalized design and building services for home additions, major renovation/remodeling, or new home construction projects. From translating design ideas and dreams into construction plans, to handling the complete project building process, we have the experience, resources, and staff to design and build your dream home project.",$1.8 M,13,1996,"15,152","23,236",https://www.linkedin.com/company/colonial-remodeling-llc,https://www.facebook.com/colonialremodeling,https://www.x.com/colonialremod,,,38.8575888,'-77.3382905,David,Blanks,Sales Representative & Project Manager,dblanks@colonialremodeling.com
"Connor Construction, Inc.",4000 Legato Rd #1100,Fairfax,VA,22033,United States,(703) 349-3131,http://connorconstructioninc.com/,jaek@connorconstructioninc.com,Unknown,Construction company,"Connor Construction Inc. is a fast-growing construction company that specializes in commercial and government contracting projects. With a focus on innovation and quality, they have built strong relationships with clients, resulting in a significant portion of their work coming from repeat business.",$2.1 M,10,2007,"73,734","56,561",https://www.linkedin.com/company/conner-construction-co-inc,https://www.facebook.com/connorconstructioninc,https://www.x.com/connorshr5410,,,38.865799,'-77.365192,,,,
Creative Contractors,11325 Random Hills Rd #360,Fairfax,VA,22030,United States,(571) 730-8097,https://creative-contractors.com/,info@creative-contractors.com,Service busy,"Roofing contractor, Gutter service, Siding contractor, Window installation service","At Creative Contractors, our mission statement is to provide all clientele with the solution to your questions, concerns and problems that arise in the every day to day remodeling and construction projects. Our project management methodologies insure that we meet your project timelines to meet all of our customers expectations.",$5.4 M,99,2014,"17,176","23,238",https://www.linkedin.com/company/creative-contractors-llc,https://www.facebook.com/creative-corner-staffing-solutions-652935098422833,https://www.x.com/local_remodeler,,,38.8554916,'-77.3377647,Nathan,Offenbacher,Managing Partner,nathano@creative-contractors.com
Curb Appeal Exterior,3918 Prosperity Ave Suite 201,Fairfax,VA,22031,United States,(703) 991-7020,https://curbappealexterior.com/,info@curbappealexterior.com,Service busy,"Roofing contractor, Door supplier, Siding contractor, Window installation service","Exterior home remodeling in Fairfax, VA—roofing, siding, windows, and gutters designed to elevate curb appeal. Call (703) 991-7020.",,,,,,,https://www.facebook.com/curbappealexterior,,https://www.instagram.com/curbappealexterior,https://www.youtube.com/@CurbAppealExterior,38.8387948,'-77.2465973,,,,
Cyrus Construction Llc,3927 Blenheim Blvd Ste 101e,Fairfax,VA,22030,United States,(703) 273-8888,https://www.cyrus-construction.com/,cs@cyrus-construction.com,Service busy,"General contractor, Architectural designer, Bathroom remodeler, Construction company, Kitchen remodeler, Structural engineer",Cyrus Construction Corp is a general contractor that performs both federal and state government work.,<$5 M,0,,"15,152","23,236",https://www.linkedin.com/company/87239130/admin/analytics/visitors,https://www.facebook.com/CyrusConstructionLP,https://x.com/CyrusConst,https://www.instagram.com/cyrusconstruction,https://www.youtube.com/channel/UC1kQkw6QjHq6v41-95Q7f-Q,38.8465023,'-77.3011215,,,,
Daniels Design & Remodeling,3930 University Dr #100,Fairfax,VA,22030,United States,(703) 239-2700,https://www.danielsremodeling.com/,more@danielsremodeling.com,Unknown,"General contractor, Architectural designer, Bathroom remodeler, Kitchen remodeler, Remodeler, Sunroom contractor","Since 1997, Daniels Design and Remodeling has strived to provide the highest level of satisfaction to every client. The team at DDR takes great pride in ensuring that your personalized remodeling experience includes the highest level of craftsmanship, superior client service, creative designs, and innovative building tactics throughout the entire process.",$4.7 M,13,1997,"15,152","23,236",https://www.linkedin.com/company/daniels-design-and-remodeling,https://www.facebook.com/danielsdesignremodeling,https://www.x.com/danielsremodel,,,38.848082,'-77.304943,Ted,Daniels,President,tdaniels@danielsremodeling.com
Dbe Home Improvements,10560 Main St Suite 507,Fairfax,VA,22030,United States,(757) 448-8813,https://www.dbehi.com/,,,"Roofing contractor, Contractor, Gutter cleaning service, Siding contractor",429 Too Many Requests,,,,,,,,,,,38.8480329,'-77.3102131,,,,
Design Pro Remodeling,8300 Arlington Blvd Ste B3,Fairfax,VA,22031,United States,(800) 690-9850,https://designproremodeling.com/,ajones@designproremodeling.com,Unknown,"Roofing contractor, General contractor","We are an all-inclusive contracting firm who passionately focuses on projects of all sizes. We have been providing home improvement services since 2008.
We nurture specific core values of honesty, fairness, and commitment to quality and customer service excellence.",$1.6 M,51,2008,"15,152","23,236",https://www.linkedin.com/company/design-pro-remodeling,https://www.facebook.com/designproremodeling,https://www.x.com/design_pro,https://instagram.com/designproremodeling,,38.8663931,'-77.2316691,Jeff,Newell,Owner,jeff@designproremodeling.com
Dream Home Roofers,4085 Chain Bridge Rd #302,Fairfax,VA,22030,United States,(571) 603-6150,https://dreamhomeroofers.com/service-area/fairfax/,jharris@dreamhomeroofers.com,Unknown,"Roofing contractor, Gutter service","Founded in 2000, Dream Home Roofers has built a reputation for delivering top-tier roofing and exterior home improvement solutions across New Jersey, Delaware, Pennsylvania, Maryland, and Virginia. We stand out through our commitment to exceptional craftsmanship, outstanding customer service, and lifetime warranties.",<$5 M,69,2000,"52,527","45,459",https://www.linkedin.com/company/dream-home-roofing,https://www.facebook.com/dreamhomeroofers,,https://www.instagram.com/dreamhomeroofers,,38.8439053,'-77.3076986,Layne,Cochran,Director of Talent Acquisition,lcochran@dreamhomeroofers.com
Ea Roofing & Siding,11170 Lee Hwy # 150,Fairfax,VA,22030,United States,(703) 666-8180,https://earoofingandsiding.com/,,,Roofing contractor,We are licensed and insured and weve worked hard to establish a reputation for quality workmanship. We take great pride in providing outstanding customer service and our goal is complete customer satisfaction with each and every roof that we install or repair.,$5.3 M,,,,,,,,,,38.8524898,'-77.3306158,,,,
Edl Roof & Interior Llc,11166 Fairfax Blvd Suite 500,Fairfax,VA,22030,United States,(703) 814-0851,https://www.edl-roofninterior.com/,,,"Roofing contractor, Flooring contractor, Gutter service, Painter, Siding contractor",Your Site Title,,,,,,,,,,,38.8558345,'-77.3300705,,,,
Elite Home Remodeling,3727 Prosperity Ave,Fairfax,VA,22031,United States,(571) 241-7723,https://www.eliteinc.us/,,,Contractor,"Elite Home Remodeling Inc. has been transforming homes in Northern Virginia and the DC Metro area since 2009, offering quality renovations and trusted craftsmanship. The company specializes in a variety of services including kitchen and bathroom remodels, basement renovations, and interior/exterior painting.",$4.2 M,10,2009,"15,152","23,236",https://www.linkedin.com/company/elite-home-remodeling,https://www.facebook.com/ehsdmv,https://www.x.com/elitehomeinc,https://www.instagram.com/elite_remodeling_fairfax,,38.8459177,'-77.2464467,,,,
Empire Exterior Services Llc,10304 Eaton Pl,Fairfax,VA,22030,United States,(571) 463-6099,https://empireexteriorservices.com/,office@empireexteriorservices.com,Unknown,Roofing contractor,"Empire Exterior Services Inc is a company that operates in the Construction industry. It employs 11-20 people and has $1M-$5M of revenue. The company is headquartered in Fairfax, Virginia.Read more",<$5 M,<25,,"17,176","23,238",,https://www.facebook.com/empire.exterior.services,,https://instagram.com/empireexteriorservice,,38.8622151,'-77.3032742,,,,
Esteam Builder,3609 Chain Bridge Rd # C,Fairfax,VA,22031,United States,(833) 562-6013,https://www.esteambuilder.com/,info@esteambuilder.com,Unknown,Construction company,"With years of experience and a commitment to quality craftsmanship, we specialize in transforming homes into functional and beautiful living spaces that meet the unique needs and preferences of our clients.",,1,,,,,,,,,38.8572102,'-77.3070889,,,,
Esteam Roofer,3609 Chain Bridge Rd,Fairfax,VA,22030,United States,(833) 562-6013,https://www.esteamroofer.com/,,,Roofing contractor,"Professional roofing services in Fairfax, VA. Get your roof quote in 1 minute. Expert roof installation, repair, replacement, and inspection services.",,,,,,,https://facebook.com,,https://instagram.com,,38.8572101,'-77.3070888,,,,
Expert Exteriors,3719 Hill St,Fairfax,VA,22030,United States,(703) 278-3314,https://www.exexteriors.com/,rgombita@exexteriors.com,Unknown,"Roofing contractor, Gutter service, Siding contractor, Solar panel maintenance service, Window installation service","At Expert Exteriors it is our mission to provide the best quality materials, workmanship, and service. Our policy is do it right the first time, with personalized solutions and support that provides an added layer of security and confidence.
Specializing in insurance restoration, we help homeowners navigate the challenging process.",,11,2024,,,https://www.linkedin.com/company/expert-exteriors-enterprises,,,,,38.8587417,'-77.3220103,,,,
Exterior Improvements,11350 Random Hills Rd 8th Floor,Fairfax,VA,22030,United States,(703) 278-3238,https://www.exteriorimprovements.com/,,,"Roofing contractor, Home builder, Masonry contractor, Siding contractor, Window installation service","We are a locally owned, licensed, and insured contractor known for our community-minded, service-focused, high-quality residential, commercial, and multifamily projects.",,7,,"17,176","23,238",https://www.linkedin.com/company/exterior-improvements,,,,https://www.youtube.com/@ExteriorImprovements,38.857543,'-77.3382753,Maria,Hernandez,Vice President of Nature Exterior Improvements Llc,maria@exteriorimprovements.com
Ez Roofing And Gutters Llc,4774 Gainsborough Dr,Fairfax,VA,22032,United States,(703) 215-6910,https://ezroofingngutters.com/,ezcontractorsllc@gmail.com,Unknown,Roofing contractor,Ez Roofing and Gutters LLC,,,,,,,https://www.facebook.com/100091893415214,,,,38.8218577,'-77.303763,,,,
Fairfax Roofing Co.,4000 Legato Rd #1100,Fairfax,VA,22033,United States,(270) 518-3672,https://fairfaxroofingco.com/,info@fairfaxroofingco.com,Service busy,Roofing contractor,"Fairfax Roofing Co. is a professional roofing company based in Fairfax, VA, providing residential and commercial roofing services in areas including Washington DC and Bethesda MD. Their offerings include roof repair, gutter repair, window replacement, and siding replacement.",$1.2 M,6,,"17,176","23,238",,https://www.facebook.com/fairfaxroofingco,https://www.x.com,,,38.865799,'-77.365192,,,,
Fairfax Va Roofing Services,5505 Talon Ct,Fairfax,VA,22032,United States,,,,,Roofing contractor,,,,,,,,,,,,38.8006837,'-77.3019399,,,,
Falcon Roofing & Solar,2817 Dorr Ave Unit K,Fairfax,VA,22031,United States,(571) 503-7951,https://falconroofingva.com/,info@falconroofingva.com,Service busy,"Roofing contractor, Contractor, Solar energy system service, Solar panel maintenance service","Falcon Roofing & Solar is a Family-owned, Northern roofing company, covering all of Northern Virginia. We provide full-scale residential, commercial and industrial roofing services.",$1.6 M,3,1976,"17,176","23,236",https://www.linkedin.com/company/falconroofingva,https://www.facebook.com/FalconRoofingVA,https://x.com/falconroofingVA,https://www.instagram.com/falconroofing.solar,,38.8763905,'-77.2331625,,,,
"Flood Masters, Llc",2824 Dorr Ave,Fairfax,VA,22031,United States,(571) 450-9560,https://thefloodmasters.com/,info@thefloodmasters.com,Service busy,"Water damage restoration service, Building restoration service, Fire damage restoration service",The Flood Masters - Water Damage and Fire Restoration - Washington D.C.,$1.8 M,2,1999,"72,721","56,561",https://www.linkedin.com/company/the-flood-masters,https://www.facebook.com/TheFloodMasters,https://www.x.com/thefloodmasters,https://www.instagram.com/vega_restoration,,38.8757952,'-77.2342953,,,,
Global Gate Group,9504b Lee Hwy,Fairfax,VA,22031,United States,(571) 444-9022,,,,Construction company,,,,,,,,,,,,38.8682445,'-77.2732687,,,,
Greenway Home Improvements,10306 Eaton Pl Suite 300 Floor3,Fairfax,VA,22030,United States,(571) 294-4977,https://greenwayhomeimprovements.com/,info@greenwayhomeimprovements.com,Service busy,"Roofing contractor, Fire damage restoration service, Gutter service, Siding contractor, Water damage restoration service","We are a leading home improvement company! We are looking for motivated, hard working sales consultants that want to earn up to six figures their first year. As an independent contractor you will have a flexible schedule.",,2,,,,https://www.linkedin.com/company/greenway-home-improvement,https://www.facebook.com/greenwayhi,,https://www.instagram.com/greenwayhomeimprovements,,38.8615921,'-77.3034537,,,,
Home Genius Exteriors,3959 Pender Dr Suite 240,Fairfax,VA,22030,United States,(703) 596-8107,https://homegeniusexteriors.com/locations/fairfax-va/,info@homegeniusexteriors.com,Service busy,"Roofing contractor, Contractor, Door shop, Siding contractor, Window installation service","At Home Genius Exteriors, we’re not just one of the fastest-growing home improvement companies in the country—we’re leading a revolution in the industry. Every project we take on is an opportunity to wow our customers and create lifelong relationships.",$35.6 M,381,2018,"17,176","23,238",https://www.linkedin.com/company/homegeniusexteriors,https://www.facebook.com/homegeniusexteriors,https://x.com/HGExteriors,https://www.instagram.com/homegeniusexteriors,https://www.youtube.com/@homegeniusexteriors498,38.8616089,'-77.3342266,Michael,Lopez,Project Managerrelated to Search Terms in Your Query,michael@homegeniusexteriors.com
Home Tech Exterior,10627 Jones St,Fairfax,VA,22030,United States,(866) 611-2223,http://www.hometechexterior.com/,info@hometechexterior.com,Service busy,Contractor,"HomeTech is dedicated to providing our Maryland service areas with the highest quality products and craftsmanship available for roofing, siding, windows and doors. Since our founding in 2000, we have had a passion for improving the exterior of our neighbors homes, and as we continue to grow as a Maryland contracting company we promise to keep that passion alive.",$1.2 M,13,2000,"17,176","23,238",https://www.linkedin.com/company/home-tech-exterior,https://www.facebook.com/hometechexterior,https://www.x.com/hometechllc,https://www.instagram.com/hometechrestoration,,38.8445326,'-77.3160642,Karina,Guitierrez,Admin,karina@hometechexterior.com
Home Tech Restoration,10627 Jones St #301-b,Fairfax,VA,22030,United States,(833) 888-1321,https://www.hometechrestoration.com/,info@hometechrestoration.com,Unknown,Contractor,We offer exterior home repairs to keep your homes outer elements in perfect condition in the DMV area. Contact us today and lasting results!,,,,,,,https://www.facebook.com/hometechexterior,,https://www.instagram.com/hometechrestoration,,38.8445326,'-77.3160642,,,,
"Infinity Home Improvement,llc",3616 Mclean Ave,Fairfax,VA,22030,United States,(240) 707-4789,https://www.infinityhomeimpro.com/,,,"Contractor, Remodeler",Home | Infinity Home Improv,,,,,,,,,,,38.8574965,'-77.3121145,,,,
"Integrity Construction Services, Llc",4000 Legato Rd #1100,Fairfax,VA,22033,United States,(703) 896-7949,https://go2-ics.com/,,,"General contractor, Construction company","Integrity Construction Services LLC is a service based General Contracting company that provides commercial space modification/renovation services, construction management, and facilities maintenance in the National Capital Region. Since 2011 we have performed for Federal, State, and City government entities in the most professional and effective manner turning in projects on time and on budget.",$7 M,2,2011,,,https://www.linkedin.com/company/go2-ics,,,,,38.8657713,'-77.3652473,Alex,Lucas,,alucas@go2-ics.com
J&j Construction,3601 Pickett Road #2762,Fairfax,VA,22031,United States,(571) 473-9596,https://www.jjconstructiondc.com/,,,Construction company,"J & J Construction Inc is a company that operates in the Commercial & Residential Construction industry. It employs 1to4 people and has under500K of revenue. The company is headquartered in Falls Church, Virginia.",$492 K,3,1996,"15,152","23,236",,,,https://www.instagram.com/jjconstructiondmv,,38.8507556,'-77.2718137,,,,
Kcsi Construction,3131 Draper Dr Unit I,Fairfax,VA,22031,United States,(703) 278-8300,https://kcsiconstruction.com/,kmummau@kcsiconstruction.com,Unknown,"Roofing contractor, Gutter service, Window installation service, Siding contractor","KCSI Construction is a local home remodeling company based in Fairfax, VA, specializing in exterior improvements such as siding, windows, and roofing. With over twenty years of experience, the company ensures a customer-first approach, delivering precision and care in every project.",$2 M,10,2000,"17,176","23,238",https://www.linkedin.com/company/kcsi-construction,,,,,38.8680509,'-77.2803771,Kenneth,T Mummau,Owner,kmummau@kcsiconstruction.com
Kings Roofing Company,9220 Topaz St,Fairfax,VA,22031,United States,(703) 712-1506,https://kingsroofingcompany.com/,contact@kingsroofingcompany.com,Service busy,Roofing contractor,"Kings Roofing Company is a leading provider of professional roofing services in Fairfax, VA, specializing in both residential and commercial roofing solutions. With a commitment to quality, they offer a wide range of services including roof installation, repair, maintenance, and replacement, serving clients across Northern Virginia, Washington DC, and Maryland.",$1.1 M,6,1999,"17,176","23,238",,https://www.facebook.com/people/Kings-Roofing/100077677152257,,,,38.8775325,'-77.2645589,,,,
L.e Constructiva,3333 Willow Cres Dr,Fairfax,VA,22030,United States,(908) 463-5148,https://www.facebook.com/share/1C6VcnN67V/,,,"General contractor, Remodeler",,,,,,,,,,,,38.867174,'-77.304657,,,,
Lcr Exteriors,10875 Main St Ste 202,Fairfax,VA,22030,United States,(703) 595-7031,https://lowcostroofingva.com/,info@lowcostroofingva.com,Service busy,Roofing contractor,"At LCR Exteriors, we offer high-quality roof work at affordable rates to our neighbors in Falls Church, VA.",,,,,,,,,,,38.8512078,'-77.3207894,,,,
Manex Remodeling,4000 Legato Rd #1100,Fairfax,VA,22033,United States,(571) 666-2555,https://manexremodeling.com/,raedmn@manexremodeling.com,Unknown,"General contractor, Bathroom remodeler, Kitchen remodeler","Manex Remodeling is a full-service home remodeling contractor Fairfax VA Company. We offer basement, kitchen, and bathroom remodeling. Call us for a free estimate!",,,,,,https://www.linkedin.com/company/manex-remodeling,,https://x.com/ManexRemodeling,https://www.instagram.com/Manex_Remodeling,https://www.youtube.com/channel/UCFtHcp0M0pHdNAEj1sXyOug,38.865799,'-77.365192,,,,
Metropolitan Contractors,3909 Railroad Ave,Fairfax,VA,22030,United States,(703) 591-2830,https://www.metro-contractors.com/,info@metro-contractors.com,Service busy,"Roofing contractor, Fire damage restoration service, Remodeler, General contractor, Water damage restoration service, Window installation service","Metropolitan Contractors is a Class A general contractor specializing in home restoration and remodeling services for homeowners in northern Virginia and Washington, D.C. Founded in 1991, the company offers a range of services including property damage restoration from water, fire, storm, and tree damage, as well as custom remodeling for kitchens, bathrooms, and basements.",$4.3 M,15,1991,"15,152","23,236",https://www.linkedin.com/company/metropolitan-contractors-inc,https://www.facebook.com/MetropolitanContractors,https://www.x.com/metrorestore,,,38.8489954,'-77.311434,James,Sparks,Vice President,james@metro-contractors.com
Mike Ree Exterior,Legato Rd,Fairfax,VA,22033,United States,(571) 606-5106,https://mikeree112.wixsite.com/roofingsiding,,,Roofing contractor,,,,,,,,,,,,38.8652484,'-77.3648999,,,,
Nexur Remodeling,4412 Holly Ave,Fairfax,VA,22030,United States,(703) 673-6341,https://nexurremodeling.com/,info@nexurremodeling.com,Unknown,"Roofing contractor, Remodeler, Waterproofing service","Nexur Remodeling Why Choose Us? We’re a trusted roofing contractor serving Northern Virginia, specializing in residential and storm-damaged roofing systems.",,0,,,,https://www.linkedin.com/company/nexurremodeling,,,https://www.instagram.com/nexur_remodeling,,38.8513864,'-77.3597231,,,,
Noverra Exteriors,3204 Old Pickett Rd,Fairfax,VA,22031,United States,(703) 936-0331,https://noverraexteriors.com/,info@noverraexteriors.com,Unknown,"Roofing contractor, Deck builder, Door supplier, General contractor, Gutter service, Patio enclosure supplier, Roofing supply store, Siding contractor, Window installation service","Noverra Exteriors is a experienced and local roofing company in Northern Virginia offering roofing, siding, decks, and porch remodeling. Free estimates available.",,,,,,,,https://www.trex.com,https://www.instagram.com/noverraexteriors,,38.8635298,'-77.2755615,,,,
"Nu Look Roofing, Siding, And Windows",9990 Fairfax Blvd #180,Fairfax,VA,22030,United States,(571) 655-3684,https://nulookhomedesign.com/locations/virginia/,info@nulookhomedesign.com,Service busy,"Roofing contractor, Contractor, Door supplier, Siding contractor, Solar energy system service, Solar energy equipment supplier, Window installation service","Nu Look Home is an award-winning exterior home renovation company specializing in roofing, siding, windows, doors, gutters, and solar solutions, serving the Mid-Atlantic region including Maryland, Virginia, New Jersey, and surrounding areas. With over 50,000 completed projects, they provide outstanding service backed by comprehensive warranties and flexible financing options.",$29.6 M,114,2003,"17,176","23,238",https://www.linkedin.com/company/nu-look-home-design,https://www.facebook.com/NuLookHomeDesign,https://x.com/NuLookHome,https://www.instagram.com/nulookhomedesign,https://www.youtube.com/@nulookroofing,38.863584,'-77.289828,Sadig,Ali,Marketing Intern,sadiga@nulookhomedesign.com
Nuhome Exteriors,3615-a Chain Bridge Rd,Fairfax,VA,22030,United States,(703) 273-0101,https://nuhomeonline.com/,mparris@nuhomeonline.com,Unknown,"Roofing contractor, Door supplier, Siding contractor, Window installation service","NuHome provides top-tier roofing and home exterior services in Virginia, Maryland, and Washington D.C., focusing on quality, reliability, and customer satisfaction. The company offers a comprehensive range of products including roofing, siding, windows, doors, and gutter replacement, utilizing leading brands like GAF and James Hardie.",$1.4 M,15,1998,"17,176","23,238",https://www.linkedin.com/company/nuhome-exteriors,https://www.facebook.com/pages/NuHome/211637275552728,https://x.com/NuHomeExt,,https://www.youtube.com/channel/UCJ4fZXjKuAtobdqv4gDfq4g,38.857347,'-77.306494,,,,
Oakton Roofing,10524 Rosehaven St Suite 325,Fairfax,VA,22030,United States,(571) 579-0010,https://oaktonroofing.com/,cite@oaktonroofing.com,Service busy,Roofing contractor,Okaton Roofing Home Page.,,,,,,https://www.linkedin.com,https://www.facebook.com,https://www.x.com,,https://www.youtube.com,38.8743219,'-77.3099611,,,,
On Call Contracting Group,12587 Fair Lakes Cir,Fairfax,VA,22033,United States,(571) 429-7900,https://oncallcontractinggroup.com/,info@oncallcontractinggroup.com,Service busy,"Roofing contractor, Deck builder, Fence contractor, Gutter cleaning service, Handyman/Handywoman/Handyperson, Pressure washing service, General contractor, Siding contractor, Solar energy system service, Woodworker","On Call Contracting Group is a Northern Virginia-based company specializing in storm damage restoration and construction services for both residential and commercial clients. They offer a range of services including water, fire, smoke, mold damage restoration, and roofing emergencies, all while providing free property inspections and assistance with insurance claims.",$6.2 M,7,2017,,,https://www.linkedin.com/company/on-call-contracting-group,https://www.facebook.com/OncallGC,,https://www.instagram.com/oncallcontractinggroup,,38.857163,'-77.3811606,,,,
Outdoor Design Solutions,2822 Juniper St Unit 1,Fairfax,VA,22031,United States,(800) 705-1437,https://outdoordesignsva.com/,,,"Contractor, Concrete contractor, Deck builder, Fence contractor, General contractor, Landscape lighting designer, Landscaper, Lighting contractor, Paving materials supplier","Innovative Ideas for your outdoor our project Free Estimate Welcome to Outdoor Designs Transforming Outdoor Spaces At Outdoor Designs, we specialize in turning outdoor spaces into breathtaking havens that reflect your unique style and personality. Fr",,,,,,,,,,https://www.youtube.com/@outdoordesignsolutionsva9927,38.8756658,'-77.2289744,,,,
Phoenix Home Services Inc,9685 Main St F,Fairfax,VA,22031,United States,(571) 298-8627,https://phoenixhomeservices.com/,steve@phoenixhomeservices.com,Unknown,"General contractor, Construction company, Contractor, Deck builder, Masonry contractor","Phoenix Home Services is a locally owned and operated team of general contractors specializing in hassle-free custom home improvement and remodeling projects. 
With over 30 years of experience and a tight-knit team of expert designers, master masons, and professional carpenters, whether you’re looking to upgrade your deck, patio, porch, bathroom, kitchen, or more, we’re here to turn your remodeling dreams into an awe-inspiring reality.",$2 M,8,1985,"15,152","23,236",https://www.linkedin.com/company/phoenix-home-services-inc,https://www.facebook.com/phoenixhomeservices,https://x.com/phoenixhomesrvc,https://www.instagram.com/phoenixhomeservices,https://www.youtube.com/user/phoenixhomeservices,38.8414601,'-77.2801451,Emmy,Wagner,Office Manager,emmy@phoenixhomeservices.com
Pond Roofing & Exteriors,2985 Prosperity Ave,Fairfax,VA,22031,United States,(703) 573-8000,https://www.pondroofing.com/,betsy@pondroofing.com,Unknown,"Roofing contractor, Contractor, Door supplier, Gutter service, Siding contractor, Skylight contractor, Window installation service, Window supplier",Pond Roofing has consistently been rated as one of Northern Virginias top roofers by Washingtons local consumer magazine. Over 60% of our business is generated through referrals or repeat business. Pond Roofing has provided Northern Virginia residents quality roofing services since the company was established in 1964 by Bob Pond.,$5.6 M,18,1964,"17,176","23,238",https://www.linkedin.com/company/pond-roofing,https://www.facebook.com/PondRoofingCo,https://x.com/pondroofing,https://www.instagram.com/pondroofing,https://www.youtube.com/channel/UCgMdRt3DUZmJNOdtFXGAjRg,38.8693998,'-77.2358165,Joe,"Gajewski, Capm",Estimator,joe@pondroofing.com
Presidential Exteriors,12150 Monument Dr # 100,Fairfax,VA,22033,United States,(571) 279-8000,https://presidentialexteriors.com/,info@presidentialext.com,Service busy,"Roofing contractor, General contractor, Siding contractor, Window installation service","Presidential Exteriors is your solution for roofing, siding and all other exterior remodeling needs to residents in Maryland and Virginaia.",$1.8 M,41,2015,"17,176","23,238",https://www.linkedin.com/company/presidential-exteriors,https://www.facebook.com/presidentialext,https://x.com/PresidentialExt,https://www.instagram.com/presidential.exteriors,https://www.youtube.com/channel/UClAV0V6uCkg4c55k_0fk2OQ,38.8640705,'-77.3673185,Ryan,Deputy,Remodeling Consultant Team Lead,rdeputy@presidentialexteriors.com
"Priceless Home Improvements, Llc",10565 Fairfax Blvd #100,Fairfax,VA,22030,United States,(703) 577-6461,https://www.pricelesshomellc.com/,info@pricelesshomellc.com,Service busy,Roofing contractor,Priceless Home Improvements LLC - Roofing • Siding • Windows,$5.8 M,15,2014,"15,152","23,236",https://www.linkedin.com/company/priceless-home-improvements-llc,https://www.facebook.com/pricelesshomellc,,http://instagram.com/priceless_home_improvements,,38.8572865,'-77.3092431,McKeever,John,Business Development Manager,mjohn@pricelesshomellc.com
"Quality Renovation Builder, Llc.",5755 Walcott Ave,Fairfax,VA,22030,United States,(703) 606-9767,https://www.qualityrenovationllc.com/,info@qualityrenovationllc.com,Service busy,Construction company,Quality Renovation LLC – Quality Renovation & Restoration,,,,,,,,,,,38.81781,'-77.3750375,,,,
R-one Contracting Llc,12587 Fair Lakes Cir #279,Fairfax,VA,22033,United States,(703) 424-4644,,,,General contractor,,,,,,,,,,,,38.857163,'-77.381161,,,,
Rcity Homes Llc,8931 Garden Gate Dr,Fairfax,VA,22031,United States,(703) 869-2286,https://rcityhomes.com/,info@rcityhomes.com,Service busy,"Roofing contractor, Bathroom remodeler, Construction company, Flooring contractor, Interior construction contractor, Kitchen remodeler, Painter, Remodeler, General contractor","RCITY Homes is family owned business with a systematic and disciplined approach when purchasing investment properties, putting each potential investment through a strict due diligence process. This rigorous set of criteria includes, but is not limited to, the following: Comparable property analysis and examination by a certified, independent appraiser An economic study of the neighborhood, city planning and development Overall condition of the property, including heating and air, plumbing, electrical, roof and structural condition Our core business lies within our systems, education and knowledge of the real estate industry.",,<25,2017,"65,653","53,531",,https://www.facebook.com/rcityhomes,,https://www.instagram.com/rcity_homes,,38.8681242,'-77.2521224,,,,
Renewal Homes Remodeling,3060 Williams Dr Suite 3015,Fairfax,VA,22031,United States,(703) 691-5116,https://www.renewalhomesdmv.com/,,,"General contractor, Bathroom remodeler, Construction company, Custom home builder, Kitchen remodeler, Remodeler",Expert kitchen & bathroom remodeling in Northern Virginia. 7+ years of craftsmanship. Free 3D consultation. Licensed Class A contractor.,,,,,,,https://www.facebook.com/RenewalHomesDMV,,https://www.instagram.com/renewal_homes_dmv,,38.8665223,'-77.2341353,,,,
Reyes Construction Group Llc,3633 Heritage Ln,Fairfax,VA,22030,United States,(571) 230-0035,https://reyesconstructiongroupllc.com/,contact@reyesconstructiongroupllc.com,Service busy,Construction company,"Reyes Construction Group LLC. is more than a company, it is a family that at work as in life we like to be united.",,,,,,,https://facebook.com/reyesconstructiongroupllc,https://x.com/reyes_group,,https://www.youtube.com/@reyesconstructiongroupllc,38.8517942,'-77.2903865,,,,
Reyes Roofing Contractors Llc,2987 Prosperity Ave,Fairfax,VA,22031,United States,(703) 330-1311,https://www.reyesroofing.com/,info@reyesroofing.com,Service busy,Roofing contractor,"Reyes Roofing Contractors LLC is a roofing specialist serving Northern Virginia, Washington, DC, and Maryland since 1991. They offer a wide range of services including residential and commercial roofing, seamless gutters, siding replacement, and window replacement.",$4.1 M,13,1991,"17,176","23,238",https://www.linkedin.com/company/reyes-roofing-contractors-llc,https://www.facebook.com/ReyesRoofing,,,,38.8694045,'-77.236066,Josue,Reyes,General Manager,j.reyes@reyesroofing.com
Riba Roofing & Exteriors,11325 Random Hills Rd Ste 360-a93,Fairfax,VA,22030,United States,(703) 978-7663,https://ribaconstruction.com/,ryan.baxter@ribaconstruction.com,Unknown,"Roofing contractor, General contractor, Siding contractor, Window installation service",RIBA Construction has engineers on staff to evaluate your roofing or siding problems and recommend the best solutions. Our window experts help you select quality windows that will complement your home design. Our professional crews work hard to get the job done right the first time and to complete the work when promised.,<$5 M,<25,,"17,176","23,238",,https://www.facebook.com/RibaConstruction,,https://www.instagram.com/riba_construction,,38.8555718,'-77.3377399,Richard,Ridley,President & Engineer,richard@ribaconstruction.com
Ridgeline Roofers,4133 Elizabeth Ln,Fairfax,VA,22032,United States,(703) 260-8506,https://www.ridgelineroofers.com/,info@ridgelineroofers.com,Service busy,"Roofing contractor, Gutter cleaning service, Siding contractor, Skylight contractor","Ridgeline Roofers LLC is a family-owned and operated company specializing in roofing, siding installation, and gutter repair services in Ashburn, Leesburg, and Sterling, Virginia. They offer a range of services including roof repairs and replacements, and pride themselves on providing professional, prompt, and effective service.",$828 K,6,2015,"17,176","23,238",,https://www.facebook.com/Ridgeline-Roofers-252149328932069,,,https://www.youtube.com/channel/UCb_gcl3z8DlQBUPt4vev_-A,38.8348944,'-77.2539632,,,,
Roof Simple,10306 Eaton Pl,Fairfax,VA,22030,United States,,,,,Construction company,,,,,,,,,,,,38.8615894,'-77.3035424,,,,
Roofing Installation Service,11198 Lee Hwy,Fairfax,VA,22030,United States,,,,,Roofing contractor,,,,,,,,,,,,38.8527789,'-77.3315984,,,,
S & N Roofing,4729 Bideford Square,Fairfax,VA,22030,United States,(703) 629-1128,https://www.snroof.com/,office@snroof.com,Service busy,Roofing contractor,"S & N Roofing is a home improvement contractor based in Virginia and Maryland, specializing in roof replacement and repair. The company emphasizes quality craftsmanship, extended warranties, and customer satisfaction as key components of their service.",$1.2 M,5,2018,"17,176","23,238",,,,,,38.850725,'-77.369587,,,,
Saint Construction Inc,2820 Dorr Ave Ste 230,Fairfax,VA,22031,United States,(571) 395-4020,https://www.saintgc.com/,info@saintgc.com,Unknown,General contractor,"Saint Construction is a full-service General Contractor specializing in roofing, siding, windows, gutters and remodeling. Saint Construction consistently provides our clients with the highest level of workmanship, customer service and seamless remodeling process.",$1.2 M,0,2020,,,https://www.linkedin.com/company/saintconstruction,https://www.facebook.com/saintgconstruction,,,,38.8762368,'-77.234724,,,,
Sam Construction Group,10121 Glenmere Rd,Fairfax,VA,22032,United States,(571) 294-4977,,,,"Water damage restoration service, Bathroom remodeler, Fire damage restoration service, Kitchen remodeler",,,,,,,,,,,,38.8314282,'-77.2966313,,,,
Sb Builders And Construction Inc,3701 Morningside Dr,Fairfax,VA,22031,United States,,https://sbbuildersandconstructioninc.com/,sales@sbbuildersandconstructioninc.com,Unknown,"Roofing contractor, Bathroom remodeler, Construction company, Custom home builder, Deck builder, Garage builder, Home builder, Interior construction contractor, Kitchen remodeler, Contractor","SB Builders and Construction, Inc. is an owner-operated construction and home remodeling company based in Fairfax, Virginia, serving clients in Virginia, Maryland, and D.C. They specialize in a wide range of services including kitchen and bathroom remodeling, new home construction, and home maintenance.",$1.0 M,2,2016,"15,152","23,236",,https://www.facebook.com/SBbuildersandconstruction,,https://www.instagram.com/sb_buildersandconstruction,https://www.youtube.com/@sbbuildersandconstructioni3417,38.845932,'-77.242558,,,,
Schroeder Design Build,3918 Prosperity Ave #100,Fairfax,VA,22031,United States,(703) 449-1700,https://www.schroederdesignbuild.com/,marketing@schroederdesignbuild.com,Service busy,"General contractor, Architectural designer, Bathroom remodeler, Kitchen remodeler, Remodeler, Sunroom contractor","Schroeder Design Build is a second-generation family-owned design-build firm headquartered in Fairfax, VA and serving Northern Virginia. As a people-centered company, we employ a diverse and highly trained team of skilled professionals who not only care deeply about their role in elevating a client’s home remodeling experience, but are also empowered to grow personally and professionally.",$2.7 M,14,1986,"15,152","23,236",https://www.linkedin.com/company/schroeder-design-build-inc,https://www.facebook.com/schroederdesignbuild,https://x.com/schroederdb,https://www.instagram.com/schroederdesignbuild,https://www.youtube.com/user/schroederdesignbuild,38.838767,'-77.2464387,Patricia,Schroeder,Chief Financial Officer & Co-founder,patricia.schroeder@schroederdesignbuild.com
Star Home Remodeling,3859 Persimmon Cir,Fairfax,VA,22031,United States,(703) 863-1919,https://www.starhrc.com/,rhrbek@starhrc.com,Unknown,General contractor,starHR is a company that operates in the Human Resources industry. It employs 11-20 people and has $1M-$5M of revenue. The company is headquartered in the United States.,,<25,,"58,581","72,722",https://www.linkedin.com/company/422707,,https://www.x.com/starhr_,,,38.844804,'-77.268883,Robert,Hrbek,Talent Acquisition Partner,rhrbek@starhrc.com
Stb Remodeling,2807 Merrilee Dr F,Fairfax,VA,22031,United States,(703) 849-0894,https://stbremodeling.com/,website@stbremodeling.com,Unknown,"Roofing contractor, Gutter cleaning service, Home improvement store, Window installation service","STB Remodeling is a premier home remodeling company based in Fairfax, specializing in high-quality exterior home improvement services such as siding, roofing, windows and doors, and gutters. The company is dedicated to providing a pleasant and stress-free experience for homeowners, ensuring personalized service and meticulous craftsmanship at competitive prices.",$1.2 M,6,1994,"15,152","23,236",,https://www.facebook.com/STB-Remodeling-Group-947948315274451,,,,38.8772625,'-77.2306913,,,,
"Teel Construction, Inc.",3920 University Dr,Fairfax,VA,22030,United States,(703) 759-4754,https://teelconstruction.com/,email@teelconstruction.com,Service busy,"General contractor, Construction company","TEEL Construction, Inc. has been delivering high-quality general contracting and design-build services across the United States since 1987. The company specializes in a variety of projects including base buildings, grocery stores, corporate interiors, and hospitality venues.",$76.4 M,93,1987,"15,154","23,236",https://www.linkedin.com/in/parkersteel,https://www.facebook.com/BuildWithTEEL,https://www.x.com/build_with_teel,https://www.instagram.com/teelconstruction_inc,,38.8483837,'-77.3047853,,,,
That 1 Painter Fairfax - Mclean,10304 Eaton Pl Suite 100,Fairfax,VA,22030,United States,(703) 621-1671,https://that1painter.com/fairfax-mclean/,franchise@that1painter.com,Unknown,"Contractor, Cabinet maker, Carpenter, Painting, Dry wall contractor, Painter, Stucco contractor","Founded in 2011, That 1 Painter is redefining what homeowners expect from painting companies. With more than 150 franchise locations and growing, we deliver joy through exceptional craftsmanship, reliable service, and a customer experience built on care and professionalism.",$231 K,199,2011,"17,172","23,238",https://www.linkedin.com/company/that-1-painter,https://www.facebook.com/that1painter,https://www.x.com/that1painter,https://www.instagram.com/that1painter,https://www.youtube.com/@That1Painter,38.862186,'-77.3032366,David,Nesbitt,Chief Operating Officer & Regional Director,david@that1painter.com
Touchstone Builders Corporation,11804 Robertson Farm Cir,Fairfax,VA,22030,United States,(703) 864-1769,http://touchstonegc.com/contact,,,General contractor,Touchstone Construction Corporation was established in 2004 as a Custom Home Builder serving the high-end market in the DC Metropolitan area. Registered and licensed as a Class “A” residential building contractor in Northern Virginia. Touchstone is also Registered and licensed in Washington DC and the State of Maryland.,,2,2004,,,,https://www.facebook.com,https://www.x.com,,,38.848086,'-77.3552629,,,,
Truealty Services Dba (steinhorst),2812 Old Lee Hwy Ste 100a,Fairfax,VA,22031,United States,(703) 256-2421,https://truealtyservices.com/,service@truealtyservices.com,Service busy,Contractor,Just another WordPress site,,,,,,,,,,,38.8754257,'-77.2411904,,,,
Tsp Contracting,8440a Lee Hwy,Fairfax,VA,22031,United States,(703) 829-5656,https://www.tspcontracting.net/,info@tspcontracting.net,Service busy,"Contractor, Handyman/Handywoman/Handyperson, Kitchen remodeler, Painting, Water damage restoration service","TSP Contracting is a Fairfax-based general contractor that specializes in remodeling, restoration, renovation, and other property improvement and maintenance services, serving both residential and commercial clients in Virginia, Maryland, and DC Washington.",$1.4 M,16,2013,"15,152","23,236",https://www.linkedin.com/company/tsp-contracting,https://www.facebook.com/tspremodeling,https://x.com/tspremodeling,https://www.instagram.com/tspcontracting,https://www.youtube.com/@tspcontracting,38.874623,'-77.2375915,,,,
Usa Storm Roofing And Construction Group,10306 Eaton Pl Suite 300,Fairfax,VA,22030,United States,(571) 441-1043,https://www.usastormroofing.com/,website@usastormroofing.com,Unknown,"Roofing contractor, Construction company, General contractor, Gutter cleaning service, Remodeler, Siding contractor, Water damage restoration service, Window installation service","Welcome to USA Storm Roofing and Construction Group, where our family-operated team has been a cornerstone of the DMV area’s roofing and construction industry for over 15 years. Rooted in family values, we are more than just a business—we are an integral part of our community, dedicated to supporting all our neighbors, including seniors, veterans, and those in need, with reliable, compassionate service.",,2,2011,,,,https://www.facebook.com/usastormroofing,https://x.com/usastormroofing,https://www.instagram.com/usastormroofing,,38.8615921,'-77.3034537,,,,
Vision Custom Build & Remodel,9512 Main St #20,Fairfax,VA,22031,United States,(703) 997-9717,https://www.visioncustom.com/,info@visioncustom.com,Service busy,General contractor,"TOP-RATED for 15+ years, Vision Custom + Build Remodel brings your vision to life with high-quality renovations that transform your space.",,,,,,,,,,,38.8430961,'-77.2725499,,,,
Wgm Contracting,4618 Cambryar St,Fairfax,VA,22030,United States,(703) 615-7521,https://www.wgmcontracting.com/,info@wgmcontracting.com,Service busy,"Roofing contractor, General contractor, Siding contractor","WGM Contracting, serving the DMV( Washington DC Metropolitan, Maryland, Northern Virginia) area, a veteran owned & operated, roofing specialist company committed to providing our customers with the highest quality.",$1.6 M,14,,"17,179","23,238",,https://www.facebook.com/wgmcontracting,,https://www.instagram.com/wgmcontractingdmv,,38.8510491,'-77.3688986,,,,
Young's Construction Inc.,2807 Merrilee Dr,Fairfax,VA,22031,United States,(703) 401-7778,https://stbremodeling.com/,website@stbremodeling.com,Unknown,Roofing contractor,"STB Remodeling is a premier home remodeling company based in Fairfax, specializing in high-quality exterior home improvement services such as siding, roofing, windows and doors, and gutters. The company is dedicated to providing a pleasant and stress-free experience for homeowners, ensuring personalized service and meticulous craftsmanship at competitive prices.",$1.2 M,6,1994,"15,152","23,236",,https://www.facebook.com/STB-Remodeling-Group-947948315274451,,,,38.877251,'-77.2302318,,,,
